{"cap_r": 0.032103827804284155, "cap_h": 0.020952752288064362, "base_r": 0.042710883882657376, "base_h": 0.0626286130936432}